id,views
OkmNXy7er84,13760034
r6sGWTCMz2k,13511123
bBC-nXj3Ng4,13665276
aircAruvnKk,11228865
HEfHFsfGXjs,9050917
spUNpyF58BY,7520208
Kas0tIxDvrg,5868847
WUvTyaaNkzM,6199651
GNcFjFmqEc8,5874072
fNk_zzaMoSs,5558183
gxAaO2rsdIs,4996284
IHZwWFHWa-w,4777860
d-o3eB9sfls,4272312
M64HUIJFTZM,4156969
jsYwFizhncE,4060763
EK32jo7i5LQ,3773533
sD0NjbwqlYw,3652053
k7RM-ot2NWY,3576787
kYB8IZa5AuE,3377403
XFDM1ip5HdU,3347973
CfW845LNObM,3174734
d4EgbgTm0Bg,3245631
QJYmyhnaaek,3074244
PFDu9oVAE-g,3132339
gB9n2gHsHN4,3028168
Ilg3gGewQ5U,3026067
rB83DpBJQsE,2911787
zwAD6dRSVyI,2761414
3d6DsjIBzJ4,2825990
p_di4Zn4wz4,2773725
4ljKpK13BO0,38845294
YiM9oosSvNg,32907456
QgONIEV7Rh0,29468868
2Sj2fd6b_Cg,29028847
HLedllETYD4,28385506
0viKv1RDhak,27612621
ii50SWTJSoA,27138649
PIotJjzDyHM,27612300
Zn0GBm1ltIk,24847793
ce28TIoa4ao,22576060
-VRx0GRo-Ws,23192364
fxk3ZTusSqI,21829093
nbBHdhFs1q0,21939353
s4X-CSFTUfo,21668228
iVv_xiIx22Q,21518509
LqUxOfIdxxo,21589391
VqP-2ftKIYI,19459736
-9JQndAAvLE,19907663
fA5Z2e86Hns,19257053
p6OkpHNtvE4,20609728
HJyMIjmvp7w,19713151
eoFgUT82pTc,22202181
goxvS5pxLDo,17940981
XAtzfJcuHjY,16503299
9ANWQPD4Ak0,16254836
8NLE8d4GW-Y,16347132
LiEFyZGcK5c,16664146
ZLuxpDxhHYA,16062207
YiEj9mrqTN0,15915399
IF59QNrF1VQ,16229010
-gal8E_dgE8,9244264
29ZP8ADQJ1Y,3857979
rRSOt9SpBMI,3557100
0U_Mpg59FSw,3190167
4G6Y6glM_hg,2715012
pJbC7W2fMvQ,2717053
eHSvv8eSsvc,2649500
CmI2dXo14sY,2283021
PlI3gjkcPz0,2192830
Bhos_P4a-JQ,2178805
uJa584PPm-E,2017919
48DD3kekP3E,1813551
39opX6-QJJI,1523794
AAtoia2BbjE,1323130
wkPxBltQzzg,1231981
rA1Kjvxu28w,1337807
xlPJfeNzBzE,1203961
UT9a7EtxQOM,1012040
h5st8mluVUo,1409089
Uk3-FxTF-BU,937193
LHx63zUMLpM,968982
F3RGIBExjfE,1158602
uxhgrd6HWVw,918275
whJgPudKgE0,877313
IsGWMxZhlOY,868148
iCd5Po4fPb0,977216
nUSI5uUocho,787672
0GCuvcTI090,16744037
-tBy2jemw4s,9095868
SkY1DiyCqTU,7115484
U7Q3sKNuZA0,5770777
aVT0BvWZcLg,5901411
icwENiwT1zI,5792293
3LS83dDqoGU,5567597
IXgX_r-x-XE,5545055
fso4yjbgceY,4898457
qKFep4ekvx0,4718353
5VmCvChcGzU,4540608
nfpWAqK0YZE,4799874
fmOP68S5v7c,4392480
5VDnj8IEWNc,4188389
_IOZbJ7PCPk,3777498
wwH3rA8Evow,3676296
HEaaln5jDl8,3476505
faJM9iQZMbQ,3401832
mtnVU4BU39E,3355289
ueTa3dytTuY,3138633
u240yK8_fVM,2923852
tORfGTrr1ww,2841150
tLExSqNNMPc,2820261
l3ifRE7BQiM,2709546
TwPHIABVdg8,2656317
yWwfNmIIc_Q,2596295
AHuj4DCueO4,2652462
RuAQo97K-zE,2674606
M400lV0GNV4,2818099
j5gy6QLq8wg,2481389
TjP0UgI8CTg,24838683
7Fjn4GRw8qE,16064189
HtJa9jJdzac,12625601
KM0ZV1X9o7o,10566143
5pP8TLwO_Ks,10142061
6ghOAKzQMGY,8625472
G_ZxvxtUwus,8649553
KrMvtS7DAlM,8116092
E9-x3jRSQvQ,7895725
-naamtpQ8lw,8042811
5NX-U36VDis,7234918
ObQhpDQzfXE,7035261
PGqZkOveLb8,7004335
Q1UXZs-yWDc,6935318
4o_JjYV1OZE,6350903
_RKYQdUUttc,6208471
VmzQ2hdfQcs,6049412
16q8_32M03k,6134768
r-7UBVzjO8Y,5671117
0Xi2rurVAvs,5470955
4hCy4-G37jA,5346486
N1uHX_WQsEY,5210678
X3XkG6GL_DM,5200096
tXqQs7oMwmg,5226479
SzkHeDPTLOg,5165724
FcX0pkXSKl4,5185543
0SmVHslppDQ,4713476
s_Sf4wfwvzI,4646157
Y80ZTbjtz5c,5051396
GpMP6Nh3FvU,9268417
_28b0P_6VvY,3449662
1ci3l7pnfdk,3035915
1VZkiQUzITU,2999131
pl20NdwAs3k,2471504
eS_rEzKdzBA,2568306
NCPNTsKBZS0,2311767
_OzpODjTISc,2299957
7vQyrlW8ahw,2187252
tF0dCNxfYHk,2482647
9na8UBoncy4,1862001
q-1HikE4b54,2221550
6PtiY-ev2qA,1664936
snWvNkJCCs8,1693495
OA6F6liLnvc,1632074
_Kav2K1DVWo,1618209
1R97tphpD_M,1709231
q9XmXad_wmo,1539733
k_B3a2cCqo0,1374543
NMDZcbkgpJA,1371677
KQMZexRllNs,1360192
XfcvX0P1b5g,1203807
vboQOQwifwg,1087428
xEeyLDTAkK8,859265
HnE60IVm51E,862420
fMWnaR5uJxQ,799135
DBkONFkdWSM,885183
CwwZFxH1W4c,555356
wSN8L2SrZOg,59600384
Mh4f9AYRCZY,51600237
vvOI3dQ5a30,22544498
7WMebV5qt3s,21202312
LUwj1-1-M1Q,21760000
RwTAgom_VX8,15939855
PLMSoD1riE0,13999080
LQicq60aJaw,12827393
u935ULhrwtQ,12881991
qvIUa47x_Oc,12907728
XDniN3k5aQ8,12667537
PmV631kroUU,11960919
DDo4CA13LbY,11794983
6VixqvOcK8E,11333663
JqhCAORmsaE,10778960
CEwIHNNJZvo,10656317
TaliInOFKIA,10607631
o0G0Eub6YmY,9450189
3VHTquIQBBo,8909306
_xgJL3LA-WE,8152012
t17O2AKa2FU,8148904
LKXvdyNz6L8,8280718
tbKp8OV6F64,7883513
UXR_bqyAy4E,7857278
Y5yCbi4qcpk,7771258
k_tQk25pR60,7715828
qWAagS_MANg,35090223
WrOzwoMKzH4,13619450
TudhYwBrgYg,13082153
1Gdl-A1DvpA,12446726
VyaxDWLe6A4,11963305
g1GFJxVeH9c,11731312
XY-hOqcPGCY,11721532
Ew-3-8itpjc,11161141
2J6bJnwr1rw,10770080
-pAOuR8s03Q,10507630
4nqJiBRNQuw,10350602
RrkL9e2w7gQ,10243974
oidnwPIeqsI,9841757
hc3TEaT3WHA,9934902
LrRzZXuE9qA,9747831
_r9Ndb6N_y0,9534862
xmRaWhae5e8,9566109
HzUIUTatyZI,9565417
Jpd_CUX2o98,9112924
u6TFP_r2oA8,8863007
UPS4nxI0b9g,8632086
J3xLG-whfFk,8548166
SGNwG_MjslI,8497981
H2nY7Tu1Qgs,8398005
BriBDiBxaMY,8420902
qOsp6IMqnn0,8146599
fEMxFSjmo5Q,7948398
IeM8OReKzfQ,7823910
fuOnYDEIjUA,7364853
ppi0khS0s_8,7281543
HlBYdiXdUa8,27833730
Cr8N3xwvonY,6739793
Uhhw6Jw295o,6415322
ygPBddnvhwY,5985895
ppxNZX4MDd8,5198998
X-Wmy_L5o9w,5105028
HhrbbYD5ScI,4210825
SQUNZTdwGoc,4098390
6Ock5HVWPlk,3962961
-378LN_fUqE,3907219
NHQKH-nc8JY,3853435
5WL8Omm7b-4,3694241
fVt1fWsM73k,3484135
529h0a2RMt4,3399708
cn1kw3_mI70,3361656
-6Up7CG5d6M,3461869
Cvo1sjervSU,3219756
yPr9Xb_oRXk,3255767
TPLnnSHSeLE,3192216
Nb7WLJrW_PU,3272311
sxpxDdLFSBo,3109517
O9gg0pz7rlc,3024174
8pD7MXQfdqU,3240574
S5HHOjOmWag,2991789
rRgQ067tyNg,2943943
7XoGwFNUwiM,2865971
nS7xHq3LNfU,2774002
I6Oku6zex-k,2812008
RKpvSSzdRCg,2654413
nb-xbTV-22A,2748179
ct-CdyT4HkM,77206729
pWUzkxtoJ2I,63721063
43uTBB574g4,53351995
VzHtsoBwBqI,42272708
A1LUHmUcIsk,41937110
Z5FoX3ju2J0,40663365
M6XiFKB7j0w,39658785
7fgCfC3bM0U,38015624
L6EwZWWRA-U,36507198
GTXP2FzQS94,36605380
n4bucphC9r4,36302615
NHiqsrYkcuk,35994335
b81Cr97ANrk,35464042
3tvegr-O9vI,33611837
2GZrPR5Ajrs,32689075
G4Sn91t1V4g,32528094
wduZHtRbSkY,32312883
6R8n6FbXVc8,32289652
RYuipbRGu5s,31691529
slmYnJdDQ1U,31602998
QtVL76gh09U,31840573
ZQxirOH1YEE,30822868
bcdJgjNDsto,30550722
vzSfnduxNDg,30133244
L3MtFGWRXAA,29849317
HuEREfPjT5Y,28927772
iN8zmmCRqUA,29063973
-XbX4eQlwgs,29041516
V4Uuxg6jmbo,28232262
KbgvSi35n6o,10887027
5LI2nYhGhYM,8808986
rsXQInxxzBU,7472524
eLAwG7CjF_k,7430552
ou7KSmfC3lA,6970991
NXCtgI2lkFw,6265619
W8sGTh7ZpoY,5979091
aO3JgPUJ6iQ,5938915
Cw7g8ixbomU,5192491
eKFrZNXB29M,5142989
em-pVICrnqM,4610989
_dSp_f0f9gE,4595225
9vncG0IP9qU,4233290
sWy1qmMoToM,4149549
LuM1IXl66B8,4054498
uuhkVTJ6A_c,3887652
U5EDORs8Jkk,3891725
-NPmBkYb_mY,3518383
iLIAMt0wXzQ,3451787
Xmrn2IuSW-Q,3394423
zhPRtCW5sRk,3277685
HoyMs7XXSbw,2947097
Hy6vddbQa8Q,2891565
vECmNK0xHNk,2887570
PI4EszMsYy4,2721294
63qn9w-a2ok,2698313
S_doxRtYd8o,2623323
YGgUrj10HdM,2626835
F-xa6Rk5rzg,2547090
Op8KgCcoqn8,2538486
610rMnK9HCo,8504133
ASp_OTZ5fN8,7448802
nhQPBSa2w9k,6606077
tP7VdxVY6UQ,6042437
p0-ldVORQyE,5663186
rKf2fRImrYI,5140414
6Lj_gFyI1Qs,4906963
u3XSfVPFM74,4909852
lIXl8eSzsFA,4690062
XKH5Gd92k74,4356344
Wk-isKUjWBQ,4074351
GvzKAnzWTrw,3922353
rlK7JIAz9WY,3952585
kaQzEvpmDIo,3866407
4x04M8YwOBw,3649247
Lgy0_uB3sLI,3590223
_BL1y6v974Y,3515650
kNZV3Bry5UU,3414535
YlYoAiMKGC4,3369696
Xz2z1LXbxzE,3316781
d_k0f8VGxtw,3308708
I1AeAY8nn_s,3279891
Lv4yoQKJ12s,3174678
EwmDdMzzDjY,3156357
RiTf1SOKa1s,3004448
KTeXDOC_fRg,2963063
NvaoIoULjrM,3052209
nrB3HqVbB3o,2872319
sZ7Jlq9mQrY,21454084
qLvpLGFacjQ,17053367
mLUTB5TwM4o,18836623
IxYg1IDrJUs,15267064
OYCvbBijvQM,14462919
8I-6_H0haAw,14266655
8ye7Vh-_b50,12992484
fJGxc0x7hzA,12411844
m62NJftSS7g,11728404
yg3yHYQi02I,10579712
RurHZGQtbmg,10346552
bCu0Z71QRF0,9657602
ZH7V2tU3iFc,9792822
GE2W93FBdo8,9581820
YOwO5iM4QP8,9045462
xKg0C6g8UDg,9280743
lfHuTtoKQs4,8908392
d3nP2mbjB_M,8688796
tbm-izZisbw,9342598
RY_rbooeMcI,8130426
kbulCM90w8w,8111204
A4orCB71BgY,8471009
rUely4qsxaQ,7450781
cpx4ZdTMmbE,7579636
84sHN6_MyMo,7348400
P1EalbUQfiU,7193832
mRcRtmG0Zy4,7228649
bmFpNbscp5Q,6929787
Lh6ETOmV3eM,6949379
l2ojCqhqGZ8,6755697
giNAjqgCAaA,5824750
iEjvVcdCDB4,4390517
wRccvEsIybA,3982437
Gj5lJWy0TYk,4027814
C2EfChhlEYo,3573003
XpMhtAqOPKA,3229537
Baa_Db8RfxM,3403738
MCMY2kMVPa4,3602783
pPyfwf-Vw0A,3028431
KSiZrKvHlVQ,2856004
GIdzIBDNt2s,2879324
JUBSQXmm-3k,2820416
xkiSfeGtYw4,2637633
Rd8PFcqUxA4,2625420
Ook-J58HnvM,2918997
TZt6GDXP2OQ,2450701
UFyIMBlFyos,2540611
C0UyT5y6DHQ,2348543
tV8OhAc3Zyc,2378630
obng-x8oAk4,2485522
TtzAcNZYflc,2203281
q8f4uxCGWJA,2132996
AiwOQRhKF1E,2130293
xosZKMYZ5JY,2261444
MOuV-0f66Y4,2477979
BDPCrGjAKXk,2202401
elKXLQTOc-s,1983916
ZxKqoIOiW7s,2082746
UYsaY4ga4aU,1932690
leDLtQHFzKE,1965160
PRSoRkM8GcM,43322217
UEJbKLZ7RmM,31002201
rXHTXdlWw1w,28771463
CFXfSBR5Q9w,21265299
LfR4QfmwTAc,20866994
axI5Luw0Eos,19050250
QjuWqBzO7qY,18535456
n4vusY2-rkQ,18583981
w0EmwhiTD74,20257019
2nYF46P7B2c,17262264
u-TNsO33eqQ,16016161
8Vj9avZxuwI,15691056
05XOhz67jGA,15282541
s--5ft5YiHg,15148319
Z5x22ef7A-w,14369388
Bb5VfiFy0kY,13835667
XUhXLsrZiE0,13861384
Bbi0kEaTgio,13777553
u6UeJXkzDW8,12341826
vUdSUDObwVc,12932572
PNhuDCVIydw,12312195
7VX090Fi63E,11908442
Pctzq_pT2MU,12430183
iI1o2hNy2hE,11123155
o690DovjDAc,10790321
AmEEYTtIfMU,10388881
sStxk4mv_DY,10329110
Quvby2Me5CM,10390590
3aQRO29ZzbE,9758761
QcWELyTbdP4,9947558
U1wEO-pHizQ,16826798
tLcnJEMnlTs,17157650
b-VCzLiyFxc,13184506
464puoD09dM,8919032
-nSHiHO6QJI,8313659
RmAYo5E52sI,7742629
3KPYIaks1UY,7514840
TX1sRxCrduA,8214891
udwPo6vLfSU,6150507
Vr6XYTeivPs,6082841
MnZIOk90TAY,5387858
gElfIo6uw4g,5661764
VYLJLxKBhSU,4926314
EgI_KAkSyCw,4732298
CLUWDLKAF1M,4728589
tccTiVeQKA4,4378817
UMdI5JwoI2I,4607849
OQWD5W3fpPM,4348808
a2A5Ld-QWnU,4420438
Sep0Otx4qO4,4060607
lA77zsJ31nA,3940491
Q0o3Ci71W6U,3892777
CEHMfdqwWXA,3859148
EwAkH19MB-I,3681128
ip7gRmrN8TA,3344633
QP_9rFbvY_Q,3330676
7S0EshM9lM4,3252903
0lrIqGphJx8,3071847
KHSdObeUdxI,2960771
ysEN5RaKOlA,1941943
s6dMWzZKjTs,833119
GVTRJa4B4fY,616257
jA14r2ujQ7s,481464
8w_kHIAkucA,375038
9qkzDLos7fk,338117
LQsjNmkqUOc,321640
GnD7IQ48IQE,342118
UQGoVB_zMYQ,255068
OdkzB13xjL0,180919
iEiiu75dRvs,179588
b9bUUHsn-Pc,169531
xlvxoNzUxfM,136537
CdDXbvBFXLY,146053
aydFCQiUW44,143988
nI0BfXFjI1I,88000
wYALykLb5oY,90729
45eWEO0gRHI,94899
pGzssFNtWXw,99964
FboXxLxg8eo,81380
FLcRb289uEM,70453
iL4irerdGdU,73566
cnt_rMA1pe0,68540
cX1nCBVNRqc,63338
zyVZ73CBR7Y,74242
P3aKRdUyr0s,72710
mvW7fNpEmUE,54294
iXbvS1CrqdA,53180
XKehq1w4vfg,51499
ubTJI_UphPk,20876239
DLjJwW1lFxI,10624809
0ZWGeidvrJw,8621614
GoVLhUxhdSw,8350970
yJqsPBWbtjk,8132073
0e71KWwE5Fk,7947478
ByPrDPbdRhc,7241054
sVEY5AL5zzk,7022305
4F84WapAH7M,6684655
Qxn2b2LW6bQ,5592104
cwdbLu_x0gY,5636285
w4xm9NHNUf8,5486020
BgVJDd5vHfw,5492595
IkWxMG-JDk4,5426605
6AxCoMbiZfk,4927063
qa3NM9Jhkn0,4178088
BJP9o4BEziI,3915976
Zs0qpASAtCA,3746891
fIGCYqzjgRc,3593723
gQHC7a9JEQQ,3572415
G5wcCPw5FEg,3297857
ZqNDkSqL4TA,3300928
uPjJ_VAubRs,3231958
GXdEWSoRi0g,3192882
yIfrEMhtu2o,3263669
a8HoZlhenZ4,3157418
obUnEqsTmLg,21052653
eEvjPwb8y4U,13853885
LOhu1AmuOGo,10599405
ZWHg5V0JliE,6845623
nNmRDRfnX6U,6791929
H7M74iEonn0,6579058
MnmrEMbDdyA,6542140
pfaDYkeHd-4,6267287
j1LDtdlDyjU,5806912
WvSjrHzKd8E,5682342
z9rfPuCuDmc,5531742
EM4odIQZVgw,5520810
8kef1wXcQYw,5589175
MqarV06DDWo,5388204
Viz-GXRBj0E,5504845
895AKrvz_AI,5424847
PYzhuFS8YkE,5597067
LjZlAzr8MuQ,5351763
lrCwmpjR77U,5283538
kvCHcrzLL8I,4992046
q9ZcPtvTKpY,5290567
VuafXmP254E,4867936
daMJS6dk80o,5181827
q1UytQTIECk,4776571
A_Aw1auPWe0,4763979
P7pUT0gbZZQ,4979500
gKMxgXcnS6g,4598684
WBxqiUhadyY,4659819
b1gIqVsRoaw,4337831
XW_qIqLhPkI,2293008
mvmwqx5vjps,754116
O25-_eEdxaw,680815
O9ZlqWp7620,540991
cnn_5YMpo3Q,510525
HqYlqWvlPTA,502553
j7Q5vP3R-2M,487292
8ehoj-y3b1s,525845
yq0zyA6Yr7o,449873
qXkM0ItZ_X8,425711
fihVzPl7Dys,428921
RfRGIhrWWFI,414351
dtfEzDAlL5k,401665
8Sm99OVG5A8,378547
VR0xCO7BFgo,350094
yQl-RYrbRas,338577
TfPz27jsFiU,417649
0VgAHq8xXWs,297141
noT8kkdl8hE,302751
QCv87K_y97w,319444
IVQ3yH-Zusg,298419
IEtPy0o8i0M,306346
jA-DBKQsHp0,273015
cPouwOKMS2s,312731
nbE8B7zggUg,287000
-dmiS_6YrGU,239422
IHMFDxLcMYs,224343
fqHJ05IO-cA,226666
n38Qxi7TVWo,11222370
TClYGrDD5fI,5652351
AmKX9tCVtUE,5606705
m-_yImAhNj0,4948722
XCRSyxwE9IY,4472991
-8tk0uk17gc,3827275
epziREoUSnU,3722733
NkBmPIm3JDk,3709078
VpdK79WVd_M,3610531
nl-krobOENg,3454246
uqfw79PTwTw,3443616
nhXbdSaCddw,3427190
uB_p1Pyv1ps,3346788
UzEyHb4mvkk,3340705
MSpcdzwBatg,3304581
w1DABg8pSMY,3301389
vymlkhTgk_Y,3295494
OSxO1sC1Zfw,3277078
EC14e50xoDE,3203336
s8ccbEhZYTc,3141972
-my4qBBNRBI,3113422
bCtllVKT2tA,3084851
TK1IAe1eDCo,3077436
AKNcIO3mum0,3040261
QyUFG359bLY,3030522
wVgWeOEw3Ag,2993846
rXAHfruN6OA,2976620
CV7r9O9AbrA,2918489
ydMVeQyOv3E,2910920
k_UZ6t6Avsw,2901773
yCdbHiVPYwI,14723790
lex6USTugUU,14022811
bibPGJBDILQ,13033509
tMNxgi_0eKA,10418731
iI48g7YTZFA,9380106
Tfb99MZlqKY,9105679
qeAfdT1Ihpg,8951644
r9cLluDKIhk,8814670
Strwla1ELdA,8309630
gqibxjObZ-I,7973030
QRpDIdPFUXg,8176545
TJvHHgGerJg,8070992
5KrRqeZbmrs,7957373
sz3aopl4OhI,7480038
LFOUK8OCopM,7189797
hhSYpPSnfww,7235861
YIafrsAWS1Y,7210054
rk95JDlI9es,7021198
GxLwDHjIp4c,7126445
V_m7Ik9NZWk,6827867
va4P3RKW7T0,6942166
NICir0cWsEY,6426038
AGjxX4gvaqk,7105990
_uX9adalziQ,6338667
15AGWA9bTjo,6335940
282lGw6q-SY,6029370
UTHKgVPZ-is,6846976
lz7UgBP-m7w,5895047
BfzXLjK6Pno,6142399
s9X9qymgshE,5537875
yBrVN7OugFs,20939753
18oAkxwYQh0,7707493
QCI2KYhC8vk,6886672
TxU4pj8l3N4,6102792
vac6mJE8rqo,5360858
eivrK9xjRNg,4818881
YO4Pm-a7oZ4,4523489
hzDzv4NVlfE,4360872
9-41nLtleX0,4266579
ViJrqqBo4J0,4211493
NqVLbDJxfbw,4398883
Wyt7b5eNuHk,4085929
xJZlhECK0Ps,4006525
nxnZe6wjjqU,4019409
QdalHDSQRDk,3802140
cIkyO-L3HIw,3679488
yGBtoUt7Q9g,3603614
wgzmxJPting,3328186
eeGx5zc90hQ,3226785
geUg4U7ru4Y,3130423
AAfwfZr0EHo,3169644
Ops5qBV5GhQ,3078891
Iv4J3MDhe8M,3254804
lKdY1OoCZ4U,2977097
lRt56Y9JMEg,2806041
PSpoCIsuby8,2687543
GaIW5CQQ3Zo,2593420
lxNUFWs2VBw,2480098
7tds15kxGGo,2449306
l6oF3_x4WQs,3108670
X2jakwIVLbY,21996504
N5SrDhe4bE0,16256964
NGbFtTYQpus,14286469
3s4tvVS9VO0,11006160
Jl0IDXkYKbk,10152319
AQWeO5wMekQ,9932275
Xnaj9ULhwqU,10024648
z2qNEOnlxjA,9773334
YLWjn0TFH3U,7341767
39ii9LvnDoE,6736574
mqZS-hEPE6k,7640740
Lwq2WfpY-ss,6287109
oAADFdfa-G4,7148441
_bggaA5AURA,7211113
uyU-lKE0Go8,5986463
RyLXLFaspj0,5545449
REhLHpdLCE0,5219226
P09pTe54uKM,5120351
mTztlpAcips,5145362
0xPwHR8_D2w,5130989
1GfuKF4uENc,4822364
TwIvUbOhcKE,18323086
lT3vGaOLWqE,15250959
mdZo_keUoEs,9774081
DOMs7mYm_zs,9622069
RRkaWQJFkBQ,7594555
MrnCDKB1hE0,7720799
5YBwDNfOaxU,7054708
CkGVMWK10qU,6630300
WM25pUsrODk,6307448
g6hQcdjcI9Y,5447705
At0advb9_fA,5426001
sI5Ftm1-jik,5317396
abqMLqHwqpo,5293437
XDf2nhfxVzg,5079080
im-PLK7ePhQ,5059507
DZ9wk6aVjT0,4956445
dje7uhyW23o,5236867
06w3-l1AzFk,4987266
y_bbX_Ch1Z8,4864555
15V0gUXUPko,4917582
dcrY59nGxBg,4645089
RtlYi1yLTVQ,4485580
06xFhUHFnx8,4558242
MCW5HUkrr-o,4497912
-28pKoQdMl8,4375602
otjvUz7qKXc,4386248
Lh6Ob1HFC6k,4324387
jW3_txSfIAQ,4632639
xjW-isgOijs,4238435
9vrqKAiRDcM,2559644
JyfeBHAfpZQ,2230965
KUqg8XtAHnc,1601410
QrdwpKzNge0,821535
A4g2pdjxnY8,791169
_igf9kSG60A,686418
PZFLM2DVQHs,503859
nFCrqZE69xw,501913
Dmk0XJH4aTc,497649
P4FD3rs3brI,494495
2TeWWWrLNqI,481265
3kUUgQ0AjZc,478462
KGAj8IhnR3c,49796105
VjINuQX4hbM,39076178
wcueSXGueJs,33974724
ERUugjLmwuY,27194611
vgZLPGT5llg,25733210
hJTy_8Dtbsc,23765809
79_IsTV8X-c,20229265
7LjC-nUPrNg,17090084
605DPLl8Gqg,14507124
rutcoSAy2ow,14040577
kFEka86Lrrc,13598424
li94gCM6zIs,12412701
jIzXsLTf998,11203645
K8O3bpR4mdQ,10877041
sI7E8J1sGvw,10681323
p28wMbunulQ,11146120
LnA7Au-DLUM,10530582
fTgm36y884c,11585667
R-s2mZvskT4,10810297
ey6drwA_xvE,9305467
s6y7zf9Lx-w,9410755
yJS9HPeyu6A,9362307
YfmHi9U9bwM,8587116
dbSL7vmt27Y,8503967
9j_5wGwn5P8,8378922
JZ2fRE_nkak,8409374
rRRUrhomU3o,8335040
oiTmN3NyV0o,8033462
w08XDXjJhsQ,7991033
s9F8pu5KfyM,5482465
B1t4Fjlomi8,2234451
Mus_vwhTCq0,2053422
hdHjjBS4cs8,3423039
u21W_tfPVrY,1769492
U_gANjtv28g,1738244
vqs_0W-MSB0,1245411
ahCwqrYpIuM,1075061
cuHDQhDhvPE,1213912
Sh6lK57Cuk4,935866
Qhaz36TZG5Y,986411
vn3tm0quoqE,831678
ifTF3ags0XI,1005873
9kRgVxULbag,794042
njdJeu95p6s,939414
nhBVL41-_Cw,751507
4duqI8WyfqE,740912
3yqDxhR2XxE,735936
ZtyMdRzvi0w,924678
ENrzD9HAZK4,759096
FSs_JYwnAdI,687337
goy4lZfDtCE,876176
ecl-eCbYFPM,658908
gAkwW2tuIqE,735299
U9DyHthJ6LA,105340981
YDr4ITrp7YI,46904714
_sZH-psg9yE,35197223
GTW8IplsKmM,33573801
eCEG4QyQbF4,30100377
ePN1J_c4ulw,26427239
3_9v-7rtVDk,26563156
7TN09IP5JuI,23314861
lMbseuQR2G8,22215614
FCXfezz4BB8,22433680
kjNU-dbG3ek,21576349
SR5kfWXfxto,21238781
gWVHses2GCY,20888529
GVLAAMZeraQ,20301638
Da8-QfGemgo,20249953
iS68LmqFVeA,19703080
3WQHDUYk310,19267700
JeUFrZtKkn8,19367388
d7qqu9HC7V0,18808480
enmLybSqmgc,17122196
sGCKnuKH5dQ,16636107
-6BvA4U1dLI,16251136
8Lvrikv6oPs,16299325
fBljahaLMXs,15564763
8Od-IMIGjfg,16733565
mmlyHMLeo1o,15041792
tYRS0aXaBC8,15102977
GDEVOCTW4qk,14757754
78VNNEnEzMg,2922092
O-J-qKUGpFU,2119755
AFGGDq4JFhc,2095781
TGZsBfUQ3J4,1919177
ytbyFzOt320,1871843
W1Vs8fU6JqQ,1779413
FbPE8AtkkC8,1375687
6QXt1AhlYqs,1258305
_6Yr7tseOi8,1181876
rhwY04UAPmk,965290
F6dZvCWe94Y,943265
zVdodVA3qTk,933000
2eoo3XQrHB8,862169
k4wAEJ1J8_Y,792385
vl3CtEMr1oA,747887
wRqKJT8VXJk,675008
IXrLriaYLe8,687673
tH8HrL-2XZs,645943
Mais4qHU1g4,596335
QHPvke8RCQU,578015
NaTUT9_qyXQ,573075
3heSgyr8_cs,616899
XkZ6-9lxRPg,506909
57URnhbFDQk,540740
Gb8LNB9Zka4,438762
bP9lPl0LuR0,430995
ioI0EIUerTQ,389260
UeUHp1GU644,382463
z1AHfXrbdbg,375720
9WSBQne_8FE,15080516
lgc7uqWcp-w,9669577
mKz7quQlx1U,9241247
aJukS3HjYWY,8384258
KIv4s6nzvIA,8103939
VNRuzCohElk,8090888
jsAWnYewsMA,7312826
r2kXXcla8Bk,7341615
-ny03ousWJo,6833813
qGYw1MeNjy8,6229699
vo_Rz1xPOXI,6130640
_W_l79lNtA4,6039128
9yRerlN3XJw,5918828
65E-U_xd4VQ,5950209
1MBn9uWLJ60,5869016
mgKFTvRwicg,6073238
IVsMSPNVHR0,5927035
FQWX8R1KkY8,5627824
OVCJ3sOrXeA,5568136
kqCNV2Xu6tI,5636134
1TieKn0W4o0,5418737
4AwkK8BjjF4,5338664
IfNQblPxuQk,5252247
G3gqFdFXoC0,5366281
HA2J71KQV24,5719656
QqLgmequ7Bk,62108015
88aDJFdUjH4,58940185
4NnJ-7Y6qwo,56805575
9biIOtEYeHc,44296919
p6ff-ShY5Bw,44026631
If2rE7Sagyw,37476933
ZJy1ajvMU1k,36148695
y5gnlPTXGB4,35367778
MpTodVRR73E,34647097
3tyYsfl4DlA,33222327
6p5x0nxtqVs,32343136
9i4SKHbhbqk,31185911
7t6m0k_Ki9g,30578462
JWdTvyy6-mU,28865423
thBg1Uo5LIc,28552250
Cyskqnp1j64,28302238
B1Kaq0_FqGs,28333850
dwt8LetFRSw,27901366
WK01gDq8d6A,27716620
iXwfBJYCTc4,27836265
x5nEb-7UKZI,27147233
TCR2hJcW11k,27365261
V4gyraWEwKo,25126438
dCGS067s0zo,24720814
dQ4ZAZJphx4,24390417
v191Y8AUk6w,22219377
a40VeD8YxiU,21886776
Yw-FSUEc8Pc,21590650
jwu2y9x5OlM,21058843
DX1ifYxzr3M,3699402
GEjya4OPqNs,3355500
Ei3IuH8IZYI,2738685
mgCMRai9K8I,2645458
oQ0a0eAPT7s,2622835
02X3ZLUsojU,2219338
IKyaNyYS5Is,2184203
6CnuNPwx4pI,2004185
eBQQa65X6F0,1966712
maYuTnci4ys,1800628
BYbSGBi1bBA,1793382
yOwZLfjmysY,1669014
kAEL0zTfbU0,1655303
KU6vIDpNaxw,1677102
OH0fyooKmns,1559702
73ysn2YtTTE,1518125
DfgIyD_ea4g,1482913
94b2pr9Prog,1436229
TqYrvexML-U,1402961
F0LNbWM-Hno,1382808
fuB6-qNwk7k,1264208
L-jMOTYWCgU,1251281
UEwagWXt_tc,1239371
9zMOrX3MM-s,1213286
OwNr_WCpzRc,1211029
w6YLj12s1e4,1219784
jEO8CTpEzbg,1198349
zoEvVmU5eC4,1174188
7e_yVm-vcPM,1142226
Pv_5VTrHyqY,16994532
oxH-0n-SpYQ,13421953
H8On7sHjsng,13574868
ddzRE69bIZ8,12468888
CgqudioHmTE,12167849
VRnEpEcWieU,11654002
JeswElZRJ_Y,9923381
YMRfZHIGhMg,9840238
p7PwQPdWw4Y,9432102
1gTWfV1QQ-s,7949617
EudiumXdN7c,7854238
3DkOxyBghN8,7755359
0cJH8_0M-bE,7580895
oZcKT37EsMs,8216129
k82iqndlfbA,7567799
cvLbjQ11GAM,7139746
6m3SJMz2LRU,7195148
YJlOmF0HK9w,7467938
Fte3ey3L-48,7710436
XYFLK8gXMRU,8825347
JpLJY0s9a2A,7063962
c7i3rprLMJw,6676458
iaEcZW0eyEg,7885632
2JOqNqoaQ70,6541381
voIlMkwvybI,6714466
nMUuSGRIk9I,6460366
cQfNoSHlud0,6265173
pv8s9dGQ0l4,6540310
KZHiIVMIbF4,5563932
SvQ7rmr3mow,5741518
b_yCj6fXtlA,6719114
i520aRuZXLo,5953691
iPlFdIpgioI,5551805
CwF8DYf5dDc,5505690
y4mYPMvEbcQ,5089168
h-h9cpm1vD8,4488648
vrGf4nJWVOU,4581610
sPUKxtLHPKQ,4215327
Zx-SY1a_8qk,4408542
wTziIhu8yvU,4475477
oDYB4ZZLkmY,4878082
PeACT6GHBh8,4317785
5vfZqByi808,3540736
MU1_QlN3Z98,3685215
8Sn286tPtDE,3468370
xw6xB7f2LEs,3552001
Q11jwThxBBI,3013395
BGIuPAG2VrM,3076377
z8aM_P0qT3o,3201141
rXAeb7Pmzjs,2494605
MoOvPtI5M4k,2420777
VT128ElBWkM,2284710
SiZ4VkqhGT8,2188585
KhQL58CYyRQ,3009741
Xh6rc-t47rQ,2201383
eRjnPwoxSWU,2167686
INq3d89XxFI,2086585
U6Crdz7Uo7c,2299439
Tgp2cZd1sB0,2075469
l554kV12Wuo,9321018
E0WT1HtB-Sc,13295215
yPsYOnGPOZk,5819471
3TitHNx0l3w,3150915
P69xdkqBJno,3661798
gCG52EeOv38,2785997
jpQqr3JQs84,2036142
HkPatmQFLXU,1966677
kU-M44tWm64,1662500
P9FXWmwvri4,1518727
L5hksM_R59M,1413165
Honkq3fKFoA,1348189
j9n5rlgnbjI,1296718
4uInE0P4Io0,1068604
CH4TaEFtcvc,1062512
ADb60W8jTsM,951900
Y3DEpThhyeY,906486
7box15ryvx8,965193
Zczmz4850wM,891831
F576tDLa10E,734154
S_0geClYYJI,713409
gwqEgvSkT_c,626158
CoDpjqZpAh0,616545
IZpiUSU4VOI,550553
hxv1-twWRGk,539490
UCq_cDPeY1k,545724
kjyeCdd-dl8,30945023
O5BJVO3PDeQ,19212035
1ZgxeX2dCnQ,16988636
GmULc5VANsw,16894604
UBPg5ftCMv8,16790366
ROaj3bCpZEM,15472675
Qh9KBwqGxTI,14207985
MQEEJ57Gsow,12395734
Y7nymZEXjf8,12462661
QynNpzqYt0Y,12474781
SvjwXhCNZcU,11330322
HiTqIyx6tBU,11418990
fp2EZbbuMa0,11255669
_p4h3jwJob0,10898479
vw9zyxm860Q,9615960
2rRIqrWuYy4,9223896
HsLup7yy-6I,8323465
P1FUMdHU29c,8553764
t95aLo7R1NM,8400691
YcuofODMCMU,7966142
3aZuj_SDqDo,7554586
nzFykQv6Q08,7541513
9XN57BhyZwk,7521066
vZlmUG00OrI,7462040
QWhUvm8SunY,7039913
h-StyszRCzc,6570609
vvXRcwcIJh4,6477734
-wmfpoq_Y0E,6431089
9NKG9lR34dM,6376238
BJPc49z57bU,101897896
bqNzbkIHYF8,72938017
xqf7SfJUepE,37428757
Uil9bh8kJgg,36995156
c3wKkZULCHg,25210225
kD8f0ixy4u4,22507819
zlGEsR1DQPw,22160028
zNV2TOF2PC0,22038137
jBZRZ9--rUs,21343044
AtwgGc-An6U,21771537
yl3MiR7XXAM,20967032
ugwwFmp4bIA,19308255
M95fek3SL0w,18556622
XU8_A4Kb2wo,18100231
zFk_JjsTMKc,17861062
ficIQF23rqg,17717686
rJmsCDWKCnc,17200278
uQJ7Map2qwM,17166334
B6KkwjGecmo,17158541
5ZYw4MIUgk0,17067045
Q9BVIwyUr9k,16897104
ANQcBnQSQOU,16725480
lBMAdwBLYgs,16519078
z8XF2TByVbI,16977470
eEBXYh_ND-E,16373290
JSOcG2Svf4U,16316186
OnnxKjvAYLs,16174355
z1c0w5cYm18,16177698
2JyUD79ky8s,16123949
8qLIEjsBUF4,16097622
Mwt35SEeR9w,62389893
UQt46gvYO40,36752680
eJt_afGN3IQ,25928325
BemHqUqcpI8,17600503
9x2NaGkl6BI,16720209
WLSNPkf8RCU,16231075
L0H6xYwMQnk,15931751
Xfg861hO-Ag,13033637
sVF_SlzxBJ4,12411652
1J2YOLQM2Yc,11797748
sv0iN5J-9mk,11302401
yS3k_Inm45Q,11031677
nVZhV7M3mNE,9001957
bdUVehx6UBU,2063103
WTxTBFU7Sdk,1400665
pYy5-KowMj0,1086067
VnIsuYVlSls,563197
gtXpRZUAc1o,413040
pF2mNC4EXfA,325467
MGGhz29kYYA,305142
015wj1C5wK0,267253
C0f2pu0EVSg,252342
l0IefQRFVfE,248755
3kJPxsELVAk,289342
qNxQRgsF2NA,141652
Rgx8dpiPwpA,12104851
pKO9UjSeLew,8437239
vT3GUKuAzIs,4972623
sW9npZVpiMI,5365464
lpcpsCY4Mco,4940298
EiKK04Ht8QI,3134592
OTfp2_SwxHk,3319119
HTXTVfBCeSY,2954233
-UdWguw90g4,2905197
0KmUoTfGa34,2840779
xC-c7E5PK0Y,2852661
0oBi8OmjLIg,2670024
uHt01D6rOLI,2559753
hWFDujYzvbI,2337851
X34ZmkeZDos,2400843
K7s1IYVfvSA,2318155
Hv6EMd8dlQk,2518727
1fPWr0d5zBE,2908581
kZC12U6EhTc,2058679
Ck0ozfJV9-g,1902990
fB7nyxXaczY,1704846
pvimAM_SLic,1522351
gvAF9mboxFM,1493161
M5v1nXiUaOI,1218642
TLysAkFM4cA,1520757
F4rykKLcduI,1126812
Pb3AAfz5Yjg,1055328
uxRf7KS3abo,946523
4FMdbwDdHlw,920705
37KieyXOYG4,26845531
cZFhjMQrVts,22459315
VFns39RXPrU,15789704
_fbCcWyYthQ,13418783
KDiEIqD4MJ8,12502058
b8XdaIcOV8E,11368940
9ugC3TXSKoE,11272931
kJcpTSNWXdQ,10797846
NCDA6LBvyuM,11049903
p2G7buZ2JSg,10720649
mwahLAUzf1s,10060397
Cn1MugPalaA,10514518
0sr1Xeocuuc,9933303
Ni5tgO4Bh3Y,10197192
CO5E-VoR3sA,10003834
7mmlmxamw_k,9250840
eWISIF0k8Mc,9041057
XolBNaavdAQ,8621713
0AC2WEYclJs,8827158
tiQevGDPgRY,9141083
8kJacGNg_9w,9282385
UA3jI71gy8E,8606585
WmF6RXf6U_A,8516674
-xfra2_tVF8,8515254
txhlr7IUVLU,7995202
tqqiZdqBNI0,7972007
FozCkl1xj-w,8404374
dAfdPFWiF9U,8003070
WqBZVlgORbY,29124791
izh-j8KUYjs,27929154
5Kod1q39ddE,23211250
-qv7k2_lc0M,22452850
UCW_UH-k-ec,22321757
j-2ZxldMO-M,22798253
07mBfR8erMY,20202502
YrpoK7Askck,20175464
leL_bsHEZdM,19919424
rxhKrtb3XsE,19447877
nlD9JYP8u5E,18475120
IkTZ8BVAlFE,18049573
TLnUJzueBOQ,19140774
SxwMTAy1gP0,17670791
IHfiMoJUDVQ,17533371
9-GRzu6zbS0,18348837
vBzPsY3D58k,17008254
ZgyU0LyWZ9M,17557668
7uG9PGqaWeo,16540087
NQNAdgo91JE,16811302
ztRSm_SJP58,15940544
vNIe_UwHPU0,15687537
5pKt4gaErvU,16095106
0z-oJTZ1b5Q,14855657
bxHEZU0AFcQ,13971717
__d2FMCtgi4,13931216
ir_OzWzbnC0,14270654
ntfProwNYkE,13854727
_uScCrpAW4U,13110901
3-jv7doUI8o,13117499
BtN-goy9VOY,86956447
zQGOcOUBi6s,47069173
9tbxDgcv74c,30429865
sNhhvQGsMEc,29251749
YI3tsmFsrOg,29625521
jAhjPd4uNFY,27059594
3mnSDifDSxQ,27402034
yWO-cvGETRQ,25648213
JyECrGp-Sw8,26424700
h6fcK_fRYaI,25468411
ulCdoCfw-bY,24772280
UjtOGPJ0URM,23775472
4_aOIA-vyBo,23726066
n3Xv_g3g-mA,21759747
Da-2h2B4faU,21150620
5iPH-br_eJQ,24273648
9P6rdqiybaw,20824944
e-P5IFTqB98,20321003
1AElONvi9WQ,19773957
dGiQaabX3_o,19681859
pP44EPBMb8A,18758727
PaErPyEnDvk,18549973
tlTKTTt47WE,18642673
ZL4yYHdDSWs,17749892
p_8yK2kmxoo,18472088
1-NxodiGPCU,18072071
7_e0CA_nhaE,18028196
uqKGREZs6-w,17629190
JhHMJCUmq28,16842710
oakWgLqCwUc,16905441
I2O7blSSzpI,28507280
kd2KEHvK-q8,20589209
Pqn-OH-jbrs,15054389
CbUjuwhQPKs,12921788
y-yzL5zJVno,10197667
e4RavVnBvTM,9243718
fb7T1v_VHpE,9542540
Anfs5idQeJI,8587216
ryg077wBvsM,8083016
QiFTTQyKc3w,7798247
Sh3Fl_Rhcw4,7692305
j2umt3WZU8Q,7673723
CLUy9DH7V2M,7663831
SpeSpA3e56A,7746069
USuh4mYfFYQ,7202155
AgMcqNnqatw,7274533
mUP0tx7Ib2w,7006619
3GyrXqGCszE,6867485
G2CuMoe3TWU,6759851
RQdxHi4_Pvc,6772342
LqfJJ60JcKo,6329150
Y8RigxxiilI,6420530
M-VQlqE9M1M,6217378
ZYPtgjKJFOs,6202311
YopcNJcQdEo,5861531
TwNPKb9ol8Y,5793164
xetnJ_gNRBQ,5494894
K4rCzA8fS84,5451057
pwIhn9Ljeqo,5317518
6oY8HIWBS-Y,5355273
t2X3wlvoShg,28415435
BvEKky9N1tQ,26924393
2yYsmzeVHaM,25998449
19JYOVPmwDM,21449978
MjiZrDrGCcc,21970967
rafnUWedZws,20697373
przFVvL-gxs,19874704
nV0PAyP0laA,16010073
XCuz0pqBKb0,15879308
Km_UKeV7Ym4,13980280
59v360lNqgQ,13713719
lfyRNCFt2jU,13480953
8o-VGnFaStg,12762644
tw6vPc6j1V8,12858442
_O_kWL-YhZE,13322049
-BRSus9eU10,12054732
-9kzxE3PfE8,11776153
zIOFGCbwJSs,9965660
uHYmvUA0Y9c,9840809
nNDtwhUPG18,10117902
HgFzP5m1k_c,9886170
l34boCGuYZU,9825530
4-u_I8o0VEk,9745178
Oh2oF-eZTD8,8967942
UqaNKNgSxYI,8917882
g93tfwqxgiI,8427001
RrRvFBYfNtU,7672840
kD80DmquP5M,7531428
JoadRyVIcTI,3666335
a6Vc9XYwdNw,3528558
G4xBNFD1p14,3022769
jzRSDvEn3ms,2866230
lZmZMISnW7w,2827615
OoH8G4ZJqOE,2661517
E2Hp6k-PcMo,2633454
pACgVf6rSiE,2265570
NaUnif8Aon0,2105655
r5_clNmB3uo,1875327
Ej5Ap4B9q9I,1725001
Os3jAjpzUaU,1506205
qwI8bALatug,1494277
tl-Kmo2UTHE,1476866
Pb3SRG1Nvv4,1462877
HR3KVCUVXkI,1449795
PmJbLFAHoe4,1401260
H0cL6X0NMk8,1390936
IcXI5yzip-s,1392671
L90DibXzunI,1369547
G2JWvtGusTw,1345165
oKbEuUjbGL0,1345065
rE5hgHDIbcE,1338362
0SnTzvCH6lc,1335848
fuFQzAKbrtM,1307970
cEdfD7j-LnU,1278870
NRjKjgdjCXI,1233567
Gy4QHTgikbk,2265481
I6w5AN_Wcak,857001
Iqot-l3iFz0,765795
KoihlAl7ugQ,763707
kEIvicUmegs,820872
ipRvjS7q1DI,702550
BDd-5qCiL-A,635887
5HInaJxFxWs,633600
oMA7o8olHzY,607979
yiMlzXMr0KU,604480
UNbgIxL3PyM,545855
RoVnb_TlJ8A,571826
52GCI7rqV4A,537429
cvHkteWF5GM,647904
tj1D9KAYV1E,517329
gKZPPYWTtvc,552627
y1XbPl1XB44,623648
6L-BogO6HwU,515524
AfjrpjqdQxI,462596
iokVvwcut5o,457550
ZAYZWgGxKO4,427380
dLyt7H7gyhI,428204
3xH1vBuDbBA,486929
A0Lf8eP41vs,415438
dojhP_1W5tA,413810
0EhcAzhauRM,399039
u3Mqvex6tIE,387641
RYSvCb14JjU,431588
nduMTX86Zl0,6403012
y0zZqHOZq7M,3751155
nLy_jEbuY-U,3462641
fbjYkPKRm-8,3318952
YkJxWtTPyb0,3151805
-XTnL4Mang0,2871524
3Awwne_NpJQ,2584138
dv6UaHZxUys,2711639
02eN2a85Q9U,2334586
rPcYW9dTAUw,2280488
ohwbklm3w_E,2288194
ThItRZqFKX4,2207063
DPsri_-tIXk,2155322
KXZxhmbbHk4,2106278
puMYeBRTsHs,2095450
s9omkhY9DpU,2032642
0F50xuorpn8,2003080
H5XWyPgUCm4,1911663
w2gbRe8bOsY,1881065
jFpKVbsI8BY,1872757
3uyIXahNs08,1836037
n9dlwebb04Y,1834082
ZDxLa6P6exc,1837579
CaNDeyYP98A,1895148
YWjTWl0oNLk,1775729
p2q02Bxtqds,1753533
feNbGXiHgdg,1734512
wm5omDCENPo,1775102
ZjS6rLKnU0c,1719174
ld6qrjYwi_4,1707673
eQ_8F4nzyiw,21668593
sZs4NDC4yrI,14496968
VWHlPH23P-w,13838623
kqnvrjgyEMc,13577232
7CZq5SkIiu0,12362102
nDTeSb0TzbQ,12102536
M8NFhjj0bUk,12194881
9-NU7yOSElE,11251941
Toft6fMvByA,10714477
so4FwjfQ7YI,10550510
v7MYOpFONCU,10717315
gIEGN5rV2JY,10426053
M3bezYerYxQ,10481662
3dEfc9LL9bQ,10861496
G2VxwFEA8xM,10231701
sCfmM71NOTo,10014904
Kpnd4OVf7oo,9885945
hNWz9o6CSyM,9741614
OX31kZbAXsA,9852991
4IFexZ5apzw,9569463
7iwgyzX-76g,9641529
OcUv-TzVWUc,9136626
tFmb5h1lN-w,8978184
Wnptqz_177E,9585999
tqbnjgbtDl0,8752875
wNo7qoLRtkQ,8938759
qXUJSCZiU48,8648402
gSrnXgAmK8k,8371888
oUoO3Ik8aIk,8131600
vorkmWa7He8,8044611
Q6vVuj3iggE,121564695
DPZzrlFCD_I,113446422
ugRc5jx80yg,97695593
My4RA5I0FKs,100226325
hFZFjoX2cGg,94362331
xoxhDk-hwuo,87751943
tk_ZlWJ3qJI,91054541
W4DnuQOtA8E,84816619
Kou7ur5xt_4,83063329
BHiWygziyso,73215750
vePc5V4h_kg,66374537
a_TSR_v07m0,63767460
6qZWMNW7GmE,58070387
VrKW58MS12g,59558373
DTvS9lvRxZ8,59502933
MFVXsnq230c,51861309
LEZCxxKp0hM,51236711
P_6my53IlxY,51920846
-k-V3ESHcfA,49493630
h4T_LlK1VE4,47033911
T1KRQ3RcvXA,46389371
wM5NHC97JBw,47234262
57MKxz4pJKE,42630501
pFEB0chiuJA,41000986
vXBfwgwT1nQ,40918650
lv8wqnk_TsA,37817189
8Vc-69M-UWk,37234863
S32y9aYEzzo,34516232
nsnyl8llfH4,33404982
8HEfIJlcFbs,36098604
ndsaoMFz9J4,356645938
MujRLvZ61jE,145914773
iOztnsBPrAA,103060534
I4Q3YDezqcM,91812021
Zz8MCVJb0_k,70336353
N9K2p54k9GA,53222899
60wLvPWXCCc,53755371
GlZtlTon7_I,49308534
YT1NhLTwwEg,44944291
dlSw0OicMII,42431670
BQw3v31s-Y8,40029351
BB_4BnQe-qc,40493824
cNsUbtV001E,39013390
mNTBC7Qe-R0,37726947
bGHM6DSAgiA,37038388
1Q4MKOW8FZk,36820049
9TjfkXmwbTs,38873423
aO4dTgt47No,35354359
FsdWNU--qsU,33904913
p2tAqCl5Qig,32002471
qKlr8NlaQcM,32577755
VXtVrNdD3YA,32146371
YUyuIcy_Lg4,31448069
s5GfhGFVCFE,32095005
6Sl-1X58ObY,31302451
FDgHVNbCcEU,31033624
jItnCGRsMjw,30528574
66sNL_2ztnw,30697680
Oy8zSYKkczI,36474593
x4yF3a3Zn4Y,23040509
0PrUr3bQdwM,21836618
l0DoQYGZt8M,17405389
vtqtyyGZvXM,16643344
PTpoj4f25dk,15789640
MevKTPN4ozw,14686434
QtMzV73NAgk,13696823
mr9kK0_7x08,13586924
Sx6dAx7dnXg,12567893
X1b3C2081-Q,12292805
UdfSrJvqY_E,12053420
J5HtSy5bATk,10873103
cH66LWWluVE,11268471
t9R7xx0joOU,10763826
MrUhzYdcX6w,10550746
oTZ84U-K_5k,10450573
ZLyDvABxGF0,10419820
uBEaG6n0XDs,9986559
ZsxQxS0AdBY,9694531
kFz9afj8lu0,10075486
_CTUs_2hq6Y,9365670
ROkXM3csNWY,9323041
5R0_FJ4r73s,9209253
Gzy_nCkn88U,8944404
0e3GPea1Tyg,249862660
r7zJ8srwwjk,178370373
9bqk6ZUsKyA,174218128
3TflpIllQHY,160106356
GLoeAJUcz38,168420629
yXWw0_UfSFg,160664071
QxGVgXf_LNk,151504150
F4Y3Pkn95GI,144341812
NkE0AMGzpJY,137972776
s1ax8Tx_Jz0,135391448
A-vX1AGBGsc,129143754
_qAJMXfL6o0,132896338
fMfipiV_17o,138797750
YSoJPA8-oHc,127880188
D9lVNzyhYnc,119628781
zxYjTTXc-J8,142082142
erQ_9yEz0ls,119051149
lBYC4_Lccjw,115480378
YQDDm9HLkV4,120378946
ayXxwJJId_c,120967952
Dc2ZRmuH5OM,115336388
HBMmK1c44sE,112843981
C680oxL__ck,118392082
2eFSU7TFOnk,111161831
IYVjOfoU3uI,110894885
bs0SWXbty18,109800117
ha4tRQwKIUg,104170084
bTrV5v7GLcQ,104622348
6wsFjjhZPJI,104121659
auLmekEsaak,19821534
sxt4YCIsn2I,16796315
ts0d7I6m7GE,16810536
ogfyJICT9aI,13728360
ywZevdHW5bQ,13111427
IugcIAAZJ2M,11999971
bs40BtGpuCA,10779667
mH7vFc0bUpU,10614378
dW7n2UP60bk,10172324
gZuDMKXWU_E,9674213
ko9GJKliHpM,9784530
i1iqVGORUck,8859987
-8pCMoL_b_s,7954968
GajbZY0l7oY,7810568
GViBkwbyd0Q,7419131
EFh6bJIHl2Y,7666353
qjlpBiQjzPg,7054083
rP86Bby9Y9M,6839530
5356zt0JiDY,6767988
2iWUUcW08ac,6615876
vLQeb8LWyh0,6878106
RNXSGzTBhXI,6584661
-sJ6IJZJhUU,6512867
nvEFb_dWJdQ,6216115
gis6urgkFoI,6202697
Z0xDAUXPc8c,5913819
FBbBWifAdCg,5933696
yJJmKFqqLTI,10245521
L5z-IjLwCH8,8820913
db8e1yYw6to,4372642
2oysDxhHEEk,3235031
cIR72bmWEEk,3223166
GXDvZVYon8M,2976074
HpRQx020GDE,2986466
V2wgm1jIqho,2841479
RN8yoi-e2yc,2744566
K5MrpawcrWQ,2511253
-LWzeMGSRM4,2309122
1vPL9rR0p3Q,2289247
Z3aNyMLKMG8,2163464
t36jHEyK9C8,2163257
pGKolLszqpo,2138821
Q0k7ijqsGpQ,1913431
MGDT0LYJmxc,1760476
Cg9JUpalyYc,1759945
ygrgkc0rYd8,1688387
w9nM5WRD-qw,1648955
SuBzMKQsrpE,1610308
S-8U4lSEq8A,1582986
I2rNDGh3Rjg,1606881
2HBmrx__Ock,1609404
A1S4pwewhyc,1651879
aDQZUxsrgeI,1496242
rQt8eGchAXs,1433728
it7v4ATUEhc,1425664
YoIMqgxs1mI,1431696
faI8kacPGbQ,40318543
zTJa_SwHcTE,24351832
BInk1AoBHrY,20620826
855Am6ovK7s,20551573
smkyorC5qwc,16629159
FRlI2SQ0Ueg,15316905
T9lpyl0ibiY,14797126
UCA1A5GqCdQ,11874301
0yqC4BYZWnM,11405430
_FLo14GMYos,11222031
LTikuFFr7JA,10621240
vHbLRf3C9KI,10552766
prd2RfhF1tM,10345353
FPs_lU01KoI,10133070
kiSm0Nuqomg,9062332
m6pJd6O_NT0,13420690
Wutl6OP04jU,8303355
aIYBZIM10DA,7661488
bglWRBB6ZM8,7551411
AW_Bdf_jGaA,7927100
Wul0SIpKaIg,7343015
5cathmZFeXs,7203074
kEQACtNXl6g,6489646
ti2Nokoq1J4,6249692
DAUOurZIVfI,6515766
0AN1VkClpc8,5977631
IrdYueB9pY4,44171931
37Kn-kIsVu8,29983445
Y0HfmYBlF8g,24848344
ZiWlthrtneU,17170822
RS7gyZJg5nc,14529303
uUU3jW7Y9Ak,13912147
-_qpzFlpgpo,12226744
zFZ5jQ0yuNA,12105272
6L8yUY-doNc,10724134
n0wvDwSnzcw,9416514
RGw6fXprV9U,9684144
v-mWK_kcZMs,8833015
x1H-323d838,7665774
oY8tz1paj6o,8001816
araeHtN_3Lk,8023151
vHuFizITMdA,7803731
2BZGjycR7YM,5976552
txm7eu8KxVI,5731637
ASQCa7mfjVo,5209646
LL3kVtc-4vY,5332969
FMtayizdFiw,5268430
OfI-XpYAqM0,5216721
j-PrAczOGb0,5153378
saANxD0cqy0,5023304
_M_Yhlh2PTo,4576177
dPIaEWd8zf4,4210132
WA-q4pXd0Pk,3893643
uMBeXHnWhsE,4207671
BqLH-nTZEOc,4426226
SIfIZqXaR0g,4480005
jXRHb4sCM8c,31062762
Cr_-xnWnEbk,20348763
Q9SZlypyK-4,20845415
_CXdl9H28uE,11618898
sTrrussrG8A,9526319
Ie_m_eBevUI,8328860
S0EHWgR6yVU,8933372
zO9fZaFfNAs,7847673
DMu9Bna2PDk,7883819
t-lMIGV-dUI,7335601
Ntmhe4EUgpE,7170213
ck-89phIXsM,6778722
qSOVBiEotaw,6532593
qeNhy2pAQVU,5753075
3ArNQp2dZto,5440222
8GNInLhL2zA,5428081
ZDiL_9EYzy0,5213247
5W07i-V_MVE,5224849
4pNGfRvE-vA,5486509
AR7bFfOFsno,5098668
S9VeNB5ili8,4955793
nX4d2mxwCS8,4648868
FjtRbz1LE4Y,4662704
_uk_6vfqwTA,71069390
I79TpDe3t2g,48451328
fo2Rb9h788s,46453410
gzALIXcY4pg,42553340
tsxmyL7TUJg,40588226
dHSQAEam2yc,38678610
ATlila3e9dM,31568074
OIYy32RuHao,31826720
8qRZcXIODNU,29972267
Mun1dKkc_As,28684107
AAGIi62-sAU,29130637
rtYC2jx1LM0,27255164
ewLpXw6uN28,27104372
26EivpCPHnQ,26427345
zqllxbPWKNI,28572222
Jl3K63Rbygw,26385863
Cqbleas1mmo,24722894
sV6uuMAnJUE,23052441
Dd1JUTA7Ijc,22513588
EQmjXM4VK2U,21431086
BiDvLshi9CY,21213593
BXpu6tbFCsI,19880374
Cln0J87vulU,18629934
b1reY72ktEc,18840086
mY3SEMTROas,19303279
W12vb_Crf00,15751454
QLq6GEiHqR8,15160735
5BBhNkywMJY,6025039
7KqvkMQVQhc,6114284
t_hBKGbf_c0,5736921
sM82m4NpdmM,5409184
ZbJjwoXn2O8,4849238
FGgGLLhbf78,4253224
KwmvsHtoLgU,3474384
SrLZgP-OR6s,3218071
j0YdqFPbSpc,3160743
apg09bolUIc,3248191
uuSwnbb65f4,3021419
DonD68byO0o,2985630
yVjnidcT2ts,2871565
XkhMw2KIp_4,2884785
eopL9kmMhvw,2695046
bqpRijthHOQ,3001033
VMb-su4DZTQ,2861689
AVaPxM78mDo,2755011
asX-pWFvS-o,2716180
2HbqRMhLmxE,2571352
9mGtJ2p9Zas,2769106
JiEO6F8i0eU,2538199
ssDdqq_9TzI,2520895
XhulR_kJf7Y,2458938
62oDCqb8XWU,2577546
cSsIyt4kbCU,2432118
fsCeZQ4cjGk,2382079
9qLuGDEtcnc,2193452
BURAxRI2DQo,2354715
DDgnb9iAWtY,2247668
AwwIFcdUFrE,8340834
EzZGPCyrpSU,6698184
p-MNSLsjjdo,6240971
msVuCEs8Ydo,5877340
Xo232kyTsO0,5710855
gJ5KV3rzuag,4661017
ztninkgZ0ws,4540964
JDmKLXVFJzk,3391685
tJevBNQsKtU,3382161
YycAzdtUIko,3118565
cJONS7sqi0o,3013285
vNaEBbFbvcY,3005020
NblR01hHK6U,3004165
mht-1c4wc0Q,2948314
S4aqGI1mSqo,2916466
rckrnYw5sOA,2985336
klpDHn8viX8,2827377
jW55cViXu6s,2530603
Ttwl_zH_DZ8,2479114
8ORLN_KwAgs,2505180
94ed4v_T6YM,2458317
-q7EvLhOK08,2437116
kixAljyfdqU,2410786
tafGL02EUOA,2357438
dzKWfw68M5U,2305118
Aj6Kc1mvsdo,2238880
K8gV05nS7mc,2274779
7UwigY4SjKY,2249593
u4RNGRyzt10,2220095
KePNhUJ2reI,2212487
s4mGOrbEKbs,20448180
623AC6a6org,18818655
s5Ma_9dTtZQ,14167243
iJk9a4Zyx3I,14148053
PCRx78Zhj7s,12550233
eMKjfbIPAtM,12481359
1lJhcmuMeBA,11450925
fZhRZIqJy-c,11759895
EgK0CQdTXSI,11181120
qXdBYPTN_5Y,11831195
EmcMG4uxiHk,10788991
T3sAYuOsqbA,10869764
gDmcL3LBEo4,10328598
Xjo-8kGe2qw,10294368
jEEUmfW0qFQ,11191119
Ze0kq-ROeaU,10306848
7KEI0MtyLQo,10184502
QQmFClkyoPY,9724906
USkHZ5zfcgs,9008393
XNYlEq46giM,9129070
uo0jY_lRpp8,9108502
dAaw3g08K4A,8369045
ZIQiK1-5zY4,8277626
5GiBolhyjcQ,8173672
LOQe63mBxWc,8077267
dzmATptvbFQ,8021719
eCxPAdcV1y8,7936731
0zMSMJZc9EA,16658528
ORmUUhh6O-8,14679968
BQTwvbWAx8A,13565250
nYHDj2sB-rc,13763704
K_NRBkJtNAI,13119922
rZizVUKe4sQ,12535155
nV-wPx3fRWE,11862234
MGVraepNj04,12019586
Wnv_JJIIxKk,11199650
hhBQ-sHYEtc,11329014
YXy3emGbxHg,11369232
7KwzVus9xds,11168246
n1hR9rpvS74,10983995
pKmM1N0MoC4,10507134
k6zVmxp6dOM,10244600
lfGeJHksykI,10294332
QgydTdThoeA,10118580
MmHiZQRaso0,9604380
kuYylDsN6KQ,9554269
el6No1wNKf0,9559547
AfaIM7Ybwj4,9581750
Yb5D9Q4gZH8,9467902
-A3IlRATIsI,9391635
DF-yBAkLFfw,9117360
X2bu3UjCxj0,8828562
jFS9rRTXue8,8864209
5JcZsNxT2BM,8788263
aOgBWl_kHYY,8893792
PYY9VLOSLxk,8684491
s6mMvBeEPT4,41788635
SVaD8rouJn0,41628028
Zb5IH57SorQ,32163601
_qIRtFE6aIc,24097876
DFtBjc1dz7w,20094770
kL1aqfnIr2Y,19947988
dOyJqGtP-wU,19274536
BzpIB5TJ7LI,17516961
QDajL441mZc,16855310
rNxvo8AcpQQ,16244836
oDqGAUvWKkU,16123340
_hp_xsUg9ws,15652666
0gugBiEkLwU,15275885
AOIi9SjJvgU,15091670
NzJuDo5ots0,14758714
I2cS5Fv5xIQ,14170549
fY9UhIxitYM,13867503
WQJuGeqdbn4,13696805
6B22Uy7SBe4,13403216
8BfMivMDOBI,13333059
JvHyk2ESFCI,13247849
Aa-rfmbUG24,13246770
u843KNE-exo,13227613
CA-eyG7lUv8,13191485
GeDJAKvcZ9o,12761881
vs3sVrm_W4o,12571986
cdiFhv3gsyo,12376600
eUTtt14G31c,12285138
5FWfg__wKSY,12239789
kZ3M6ko9pes,4575928
4iC9Qi3y9q8,3068809
mPtqmyUGPzw,2720858
BCjWmfWq0pU,2194271
dx53GHSHrSA,1603572
-ybiXR2WCFQ,2249016
7euiD_kZi4g,1460668
afwSzAkjT6c,1362810
W9ME-WBlkeM,1462342
6XRNxpnIPTo,1213886
0w4OTD4L0GQ,1297481
q4mc-alL92U,1125281
IWL3VlwiTxU,1031477
2fCi1R06oQ8,944160
XUtatDjX_i4,917522
-l9dawoTDqs,892109
ZVPsNDonA84,1165142
fdFf5PRPE9g,888590
LILMhg2Vvy4,843218
rJLtT0QXoPo,898006
kqQ0e0twSgY,728741
_qgJvuDd3-Y,652853
9JTkaXfPr0U,645329
3QbS2e8w33s,656760
xMy2O1RVkMI,686495
d5Eewda7Xsk,585296
d-z0eQOEzkE,570736
xZUYtRF_pw0,505627
tIgL4h2S270,496047
ZnfhpaVs2gY,473934
aMoZbJ39rwg,16532661
7Ee6T6ogjeM,12102947
LdZaqnAOthE,7355863
AhxpnCW1mp8,6013741
WiUBM8bbDS4,5093540
FYHeEQfY-to,5033280
IABIU27z7_k,4925708
PYlLNyX2nCE,4426406
qQHWOA_ikHQ,4084815
ox7siCZnp9o,3832884
JQ6TUnmaApY,3721251
5lrI1IFtg7Q,3567663
It0o9T5OS_4,3453620
FljP5JViUOg,3378997
EsL5ajBEspE,3371953
mkuxs3YlQFM,3301404
ADsp3UaLhl0,3209302
D8aQpYrfIBQ,3192719
Xu1Qo-WFQFo,3189611
mE2mevd7-7A,3193066
xy1gghJRcfI,3073497
p7zR0oJTOqU,3032895
g8utYlNlb9A,2966080
1UFPWzVucSc,2928559
F7Aqz3dAGfU,2921266
7JBCHECtS58,2797858
glidaMrZrdY,2821575
_Cfb5fUHClg,2783430
jG8Feqn6Z0E,24459701
FnSr820S2Mk,18746559
_J60fQr0GWo,12443258
N6cfFnBNELs,11938599
KH0SQbW-iaY,11638545
FH-_Mtkugbs,11114660
jr9XRmWNpfw,10310875
J-LqLU7CxeA,8376602
yGPfKkjDIts,7927495
Mf76yyTY7Ss,8847323
GESBI9pWWmI,7027621
9a0xIzp-fbs,7062393
9E3FAKBlZh4,6900374
J1ugR-VVE1I,6763274
et8Cn9q_A-g,7532728
swoAnLQ38NI,6909553
K8Z9Kqhrh5c,5849648
gW1CShFy0NI,5359964
wZsaXxtfuRg,5501672
A9tlDIhpMHo,4649001
u8cg5hhHJlA,4784628
hC4eog5cY9Q,4621766
U4nBnuv9n9o,4746383
kxLoycj4pJY,85236899
QJ9lNRAjTQM,32403825
cp5gdUHFGIQ,30389118
MFzDaBzBlL0,29139767
JT0wx27J9xs,20887384
-53kaP6dZeI,19908455
Q_F9CxSmGOM,19801690
7pOXunRYJIw,18224566
p1PgNbgWSyY,17277160
D0B7F5UbTOQ,16010678
O7zewtuUM_0,15274113
wplX6t4S7p4,14724853
4I-p8vjQ95s,14821095
xe-f4gokRBs,14224809
EVbdbVhzcM4,14129824
I8yJkIuvPvM,12561164
M2w3NZzPwOM,12586694
cqidD7kVnxY,12430612
xflY5uS-nnw,11766517
kUfF2MTnqAw,11274804
0i5rycLJ3D8,10879527
RtWbpyjJqrU,10869339
_FlV6pgwlrk,10830064
7WJCnC5ebf4,10562437
o0fG_lnVhHw,11113296
RXXMJAU6vY8,10292169
K9_b9X2EA3E,8967144
fvu5FxKuqdQ,9045558
_fTC_Ud_k3U,8315158
QxZ_iPldGtI,8322747
F5pgG1M_h_U,18848469
NDjNX3nEfYo,17655016
oilZ1hNZPRM,13749735
VQLi2GYVULc,6664912
Eg08rJGKjtA,6519314
cqvVL8IurMw,4893532
JNvpcGV1frQ,4634447
o1zIgTwENPg,4078885
IweS2CPSnbI,3770655
TXdKrtmexWU,3465525
6DLU4Gih0gY,2154968
3GwU4GKzLXY,2079600
e8_6NEnS41A,506007
t7GhemGAZXs,241811
43diGN3pR8U,227795
1Za8BtLgKv8,95563539
VNM7Z7hir_I,79179090
aztdMwYrF4k,50841502
scIizw2asro,32748748
Auh74d_OG8Y,30960616
ty4PhRWt1hU,29554759
gYgveD5B-V0,29578054
YkiR1KjIw7k,27987424
ZI8QZ2WN-Xo,26829280
48RFno9AQ9A,25707190
j_pC0-Jfsq0,25767214
ffVbnPjl86A,24380677
jDdKtWnFXFo,24117543
DiaDblUd-lw,23950109
2WKkrT4TvBo,23439699
PmoHSczX8pU,22577803
lWctcNBs2qQ,21882361
Rd_BRT6_TPk,21911075
6A8W77m-ZTw,21858099
IiVDtNjORbY,21794139
LYpKwt4Za_4,21377680
k70xBg8en-4,20711681
l6T63M1XiDg,20440194
OpHYkNlsxPs,20389780
fVDOB9mby_w,19911434
EB_XX_IM8io,19591481
eMBFhaxUIew,19392430
XfkzEBmx9nc,19124320
bYs_zn2pTZo,2418496
HZigkcTxRo0,1829656
IVhoIcvACR4,1739823
AeB3kUk5FBI,1490089
9M8FzipwYtk,1360553
vng1eJyoL5w,1286940
pZo0r45xxC0,1168080
CfmzxyvKZ1w,1163853
a1plyHeIVmE,1129658
v5y_D875HMQ,1101549
UZzxBbBby1I,1082202
6TfI7Z2L7Xw,1039887
2ea1FrrEJD0,1070269
fPcd2egOQnI,996193
H9p4-pzoz-Y,993362
m-Ob3aq-wrg,978424
TJM-Qo0VZbs,969625
thx9hVgrXhQ,968308
Kd0Fnx0QYhI,978273
ipJb4mB5bMA,958738
EoDd0hRqs6Y,936042
KqZCFEThVcA,929532
VkDEUeqQUXY,890973
ciW3cGluA10,884305
GeG3st-2wCE,882073
V2UDvKojIjI,878615
7yub7hDEfzI,870653
IoaIQSIHuQs,870620
BjRcNFgNo-g,861004
GLSPub4ydiM,16763402
f38sotYHqtA,5953930
WXbidC6q5-Y,4685659
3TovcF1j3bE,4285070
8FYyeas1Thw,3933385
AYaRzp--xyk,3922110
YXQpgAAeLM4,3839332
qfS8-Qvvmfk,3738315
OT-qAQLGkGo,3627892
ooBQIsDTe_M,3524385
opwON-7J_wI,3500184
wvc4mPF1u1w,3447238
hqi0114mwtY,3362714
-plesrt8ZCs,3286577
VuP6I0mOb1s,3125372
IknbgnJLSRY,3073082
AWkvzycD5PE,3017624
zIYkol851dU,2841692
DRQnZzW_FZU,2771536
_RlxCc0M6Ko,2801211
GTCAbmjyEvE,2858105
JphpLkmimVo,2694543
2LOkI3Xyd_E,2722949
gShRBsahzXg,2693067
L8tdPYqFV7E,2722481
8i67R5bnb14,2597757
zA3vmx0GaO8,2626802
YQEjGKYXjw8,2549157
F2xv4fba65U,18616391
uN84HhcdIws,16254315
NzDhm808oU4,14173988
RskvZgc_s9g,14151736
8A3jiM2FNR8,11886725
mW-C7WE1xOs,11487146
Y4Zdx97A63s,11326528
7OeeHz0uNdM,11815426
QlaeirHJpns,11142412
btaEDH775ko,10882851
3QIWolLM9i8,10645798
v4amCfVbA_c,9408965
1s5iz6ml-qA,9387487
COD9hcTpGWQ,9198859
YVDJqipoohc,9077768
4b-dannQQ0Q,9063389
NEoOJ0uRskY,8955214
kAgTZSJ4jo8,8518611
Ym1NLvmcl0k,8147704
LoBJOkhtDQQ,8162834
4DMEekDsN2M,8015944
sfMUn1U3aSk,8046153
qJVhGXSZO9Y,8191786
2FPrJxTvgdQ,7772847
nV5fXPVeZoQ,7553758
mBbOF8LVCj4,7754712
x2YLS80Nmls,7419273
QtUgq2Q1ivA,7688934
0OGZMfVQROY,7222206
3-0-81q-fGo,7195499
UFpGIi2OjX0,22485765
20-WnF0XwHA,22027804
K7zdYKn2RJo,10106287
VrqcmnUWBWc,9422465
DsyfYJ5Ou3g,9368709
7Alory4yIyo,6479423
eQyriT0j36g,6080655
tJj-De16Ajo,6068474
Fokzk5kQR6o,4731225
DKK-Swlgl4U,4664695
2NQ6YHPTfdg,4671936
u8bdtAUpvlA,4606110
-xhfJRdwHnU,4566404
lbHKL6RZ_vg,4579312
YfBVm1hh5cM,4488456
sgu2mQ65kVc,4212177
IwPmLwW1-PA,3912325
-L9vyT34tww,3694287
S94MACKZvgA,3583941
nPcDlQaYoDw,3503380
H-Len50xzX4,3265387
I-VmHtzFnBY,3115528
SorWwznGdCU,3104468
a3Oz3Vz312Y,2832862
NB4MhB6vIWQ,2794167
gqe6eiZQJUQ,2595103
IeVY8u6Y-z4,2540000
LOf7hkCZjGw,2512319
rk1fl8RbgyA,2491478
6Ik9KpUyytw,2439012
oFF134_iokI,39529942
Kjp3PTeXBew,27904436
UEob1L_tsn0,24342599
mfT-UZCA6Tg,23010936
Y-orMndwuSE,22033184
stRtOHjh6lY,22133314
gBFMGtpfcXw,20455349
_QWZvU7VCn8,20251922
8vW6qokJ22o,19576978
kzJLVWnzLqA,18543144
lIHWgKIXaJU,18277937
TUJWx7vo44c,17730516
iRngp25a8wM,16356314
QLFRGj-PPNI,15996980
dmbpagijVkk,16582912
7a5gM7t8TZo,14778737
6x2dzepmU8o,14375057
5BS4JXzq50w,14198863
iq_6dwYr6YE,14922390
_aAZOeftU74,14071279
9gxC3mhjCEU,13669374
WGcqICKfi9Q,14301051
QmMHP6JxU4s,13601154
yuXGpUR7fXA,13660261
UIL9CiUDHp0,13646894
WLex9xvQycQ,13237560
icLK1J0n9I0,12213924
fXUsRIcwtSo,12491383
GNlQjzje2gw,11914059
BHdezYIgLDE,19125958
w3jN7kgTVsI,12805593
jFNHkjsPqE0,16061152
kLtpcxtk4HI,9467955
v_NRSoVncJQ,8839785
pbRohIxAUS4,9792782
0ssucYoYtYE,8224154
ei43IyseG9Y,8492019
85GSILNh6U4,6680502
GqkoykvCV1I,8387373
RigmjdQQE6g,6747344
V12C6xuMwmE,5824907
111rmlKjx1Q,5885922
zjzGlXD6bsQ,5112694
A0MYr3IqZAY,4949416
qIxP8OgAg44,4635123
4-XDxCb92X4,4653161
FXIlAed9_xc,7558949
mJJBMuBVsvw,4252743
PcS4rEE8dIU,4499735
iBy6XRHPODQ,4018791
_DiGQRaaHvg,3840416
rS_qpJvOc7k,3600976
fsbI4kIulIQ,3571025
IDtHjIe13aU,3557201
c6N-zitUQ3M,3549643
vLaErMfgJ8Q,25650011
ww_FFS8yjlc,17708453
8eq2vGEEbB4,16780472
-E_TWPCkqy4,14608458
OZ_xhkg32nk,14615913
TvfaGnMNDo0,13585201
CiRBQ3frG6U,12559353
cykdSb7xqI4,12432992
UOc7xdRhAAY,12106901
48oOpnKxXtk,12445404
exqELqiqSmM,11469839
jzYEmIycjtQ,11158532
s36hrId0rOo,10149687
-cPdImejxEQ,9780271
wmW4K1xkvoQ,9732993
4GCO9k1FKaE,9343049
oHLMla-75QA,9089476
qd9oEhlyIKY,9041779
AdZ9kGwqkTM,9067238
ElQdUHSXkME,8606163
FDng_dnHKFg,8602997
4kEil-H7490,8562193
65vK_gbsgwI,8420667
vebNxWGotC8,8341498
L0rCE9fE6T4,8228788
XvVCc1Ts0MA,8140913
QJ4YYocbBwA,8090735
Xtu2WXehZe4,7817626
R1Nq92M3kfI,7576446
JUcIAaZ2LWQ,9582755
Xnk4seEHmgw,49482419
Vmb1tqYqyII,36037061
gO8N3L_aERg,31422537
AeZ6a1A0-ow,17015391
fx9-cMoEv7k,15910572
mfokPqeSNcw,14215641
Y54dfdonqgM,14071898
32zzZE658ec,13852605
bqgVB6Vl-lI,13344761
0Kvw2BPKjz0,13639835
ClzJkv3dpY8,12463574
bqAhJcSQQG4,12416968
RK78IKPzeNc,12025313
w4jI97DiHF8,11364556
7iPyz6Yqwl4,11309132
lQYzT49hyKo,11340893
ST-653teD1U,11202959
8GxqvnQyaxs,11243899
2h6k6eg_RmM,10701289
TWzezWq7FkA,11081935
cLNyF1Zw5tg,12038634
4timuAnUnG4,10379923
lC5lsemxaJo,10740407
_YTG9vTkhGs,10078466
a7RoP1LKMeM,10170165
Qc35afiM2f4,10683775
ugm3hm6nxkI,10343361
GRo32Ug22HY,9551665
1Rf9-Ej2xPw,9823030
JF5HCUmINE4,9468273
_lYV47k3Rvw,6053143
XRNv2yXqmaU,5177450
oRAuXHcAUiA,5096792
qIruO8iKZsQ,3795824
qfNwL8w5F4M,2625328
GyamlGlrERQ,2270325
hu5N9OEK-7Q,1832096
zPeEPwQcF1o,1727297
_UuxZviRjus,1574505
9zNPFcn3pAw,1499312
1-XqGieWOv8,1349877
in57Yq2Z-WI,1259795
k3uW6HTAvRQ,1148788
lMAkC4vM5aE,921285
O-kn9GVOzWc,786679
yYHph58TC_4,655593
aKQPSZbPKjI,385674
ITVVgoGZMUI,324451
EjnG3Tmo4UE,310284
lnieUi5KB2c,303399
DPthR7Z0um0,301212
sgWZ316ObRs,298175
C07Dfg18Oi4,275243
SXsQeGVk3TA,234907
YNaBoKLX52M,25921495
Yaui2pL26ZQ,22096332
FWYsvw_U3Zw,20489088
qpipLfMiaYU,20135565
-mgqMpWKEBk,18696519
Ev3__YJJH3M,17650633
4H5--Qy3h9Q,17454228
y6GNrpcXtqM,16692290
d25HklopoSs,16514973
Tr1FHd_n2_0,15743969
UkUskA-stM8,15708040
4GihAbGZPwQ,15300366
JoGjIRVY9t4,16078490
kcUFSapjVqk,14839933
Pck5JcnkYYs,14718603
PDkC1eebWbU,14395479
uw-VK2URZZQ,14271961
cciw0MyXMyI,14039452
ugElBfp0j98,14513342
ithpKqYOvd0,13669352
4VTOplLl2BM,13679512
5pAnk9MKHzo,13614450
Z4BKrSazQh0,13175167
JzWtoP1Xhc0,13045248
NQcwgZbgLj4,13140189
_TM3lnF58Hc,12945116
OhV3wb_FVEE,13019028
IbgPYS3RnTA,12614097
yyRwM0QqZCs,12512954
kidmmP_HGXU,12333108
N10nZr5SRtg,6691385
_9qJ3rwwTDs,7028978
HkLibqNtjZk,5377362
wev_gievHmo,4752538
Ez1GO58inuw,3607822
UckZ5xF1O3s,2672102
xgHIvDHqUDA,2650501
jeESbGPl_Dw,2537843
UsOcXG2v3EE,2212898
I_1FPzRtLMA,1953442
xKcx7vXZcHc,1940927
4cxWyFlCLhs,1866709
FP60G0DbVxc,1828705
l-qNOrlYT7Y,1833955
vyC7LUZTJQI,1769465
n30DARxk9A4,1717871
VpNX324owaQ,1682045
zOIYAHCeKII,1614165
XoXg6DZmJmA,1701892
D_2G7grRmoU,1517668
Wxs0hzzTWjo,1493371
rGVtTYsv_i8,1451550
OK6_wnN0rew,1502550
d8uNE7lAQxg,1382812
6VHdJhSVwTU,1380974
HGzlV4ggudM,1391406
R-NIThUYa_0,4026927
Ec9s-t75lMw,3661517
P_aDQDtcd-8,3520363
DpXtRbggpQM,3248941
2PFyt2Ku1eg,2941118
3BjaDogb6kc,2911899
QEqVInxyL5w,2844041
0txXeFdn1PM,2703102
AGcgQEzCCrI,2637473
qunNYOC-toQ,2507739
Px3T14RczDY,2392525
ZOFJ06mLAJA,2326941
9ElPvR3kupM,2250987
GBUJ5O7zvKA,2306427
Fefm-ro61Rk,2209401
b6EX-ePnXe8,2183679
ct8U06Wonhk,2179301
tCtal_f8nJI,2131347
j7GfAbZ0xWM,2142823
IWSGFLazkjE,2112985
c25eRhYDXa8,2042442
_uBH-oZwceE,2014168
vPdkgaHnZuM,1891440
57yCeKge8LI,1923792
ug_sryfoPMc,1702355
yD64OsqrZ_g,1701907
803JDTJJ8iQ,1663946
lf8daKt3UlY,8208385
1zx8-CBtXIs,7872783
OkU0OECQuKE,6487395
qju9ULFiW8E,5079210
L_6SAsypMNM,4662746
-gZLTLmZBGM,3650717
QItug8-BuSc,3461891
7ZiHjo9sGbk,3344098
EWOHA0sJEnM,3171039
ci92HvCeR40,3065600
xiKWUL4iEGQ,3017000
BziZfoUXtJI,2955022
bkGMkhJ_BwY,2998191
zFiw3_uXyyQ,2724783
m8MQTE5uOoU,2807789
y-jdvMU1EKo,2957381
CFUu71dMpqA,2690829
sdkIvUu1eZg,2581923
0lWSYxPJYLo,3068372
ru2rDHzCfNM,2577117
0ZgXj-OiT0s,2383513
Wzg8hPq9FtQ,2370544
2fAv4kWLp8w,2690460
tdtvhsfZ9Xo,2905168
Za6WWHSWAM4,2487203
zASl44yR1M0,2177272
wZLvLDknpPs,2112356
z4kW6CUq5F0,2261017
PV1MlxtpIJs,2104671
9mhOJggoa_Q,2071463
PrqYohBV58o,63585123
cDoRmT0iRic,51689214
I7g08nwEmyY,39871671
7NZ9X9A2efA,39049215
jV51BGIzkwU,34818312
RXqSedWSu2k,33990352
DrUVMdkb4_k,33828761
QQh56geU0X8,29443251
zyC3CWDlEzY,27664848
dJfSS0ZXYdo,26611547
mkpCzp0CmjY,26041126
xnWKz7Cthkk,25263101
ROOeGPrC1Do,26012383
_jPaYnaKVDk,21792601
JhdRv3KNHXA,22476404
RKm160Qcnqs,21406779
rKtFJxGzJX8,19543343
kNTnrpL1Uw0,18630396
LSFX9vrwJf8,17949687
Vyau3VUVVtI,17852743
LO0PgyPWE3o,17604275
OETj9aTYO2Q,18047984
daQcxVqQJsI,17308329
aFdBcYN3sNw,17476860
qqQzU-q8S2o,16788966
eKBGcQfp1DI,16277464
bf7q8lWEd-o,16171881
YtTOQSRMRcM,16218653
pKcJ-0bAHB4,16171796
uxPdPpi5W4o,84286397
4Wrc4fHSCpw,71673171
AeJ9q45PfD0,53943752
2OSrvzNW9FE,50637029
ZMByI4s-D-Y,36341835
GcdB5bFwio4,35961101
GeyDf4ooPdo,32428044
mXVGIb3bzHI,30621166
BZbChKzedEk,27135724
k5s1cMNTmGs,27435081
qevIIQHrJZg,24980429
094y1Z2wpJg,27556012
TRL7o2kPqw0,20604847
kTXTPe3wahc,19740831
_k9egfWvb7Y,18590816
wCrtk-pyP0I,17829222
HeQX2HjkcNo,19422214
2awbKQ2DLRE,15939462
t-_VPRCtiUg,19612983
j5v8D-alAKE,16735969
48sCx-wBs34,16292237
xdJwG_9kF8s,13875464
pTn6Ewhb27k,15092629
vKA4w2O61Xo,13640675
OxGsU8oIWjY,15933606
ovJcsL7vyrk,13268047
bHIhgxav9LY,14198200
AaZ_RSt0KP8,14096042
9cNmUNHSBac,15418164
97t7Xj_iBv0,10958074
TVfIr_uM5zk,47707889
AYA9twQXBq8,42708157
ToQ8PWYnu04,38532125
8A7woRoVwyM,25956040
ZRuSS0iiFyo,25826308
vDBzi0n9Fxg,25556462
AbzCt9GWZjo,24023212
r7qliVpGEk0,21298117
HkB9VJdu27M,19690754
zL3UHF5SlEU,19672126
Gye8ukFO-9s,18363598
W2Cv5hZfOmk,17927743
QqZBC60vuhM,16567778
xoKwbbnlxi0,16167815
SUnobHHAKxo,15995433
WG-IShOxrLg,14916626
a9UZBg1pMS4,15003908
7W194GQ6fHI,14554605
Fgkf7VGtZfY,13907090
q6yHoSvrTss,23209283
9EvbqxBUG_c,21336895
QtplRk6BdyA,18534131
lN-rVlMIJZs,17691814
lPwlfbeQOBg,16769673
OeHjN4oWVfk,16163409
lG2dXobAXLI,16073810
ziUMJB3id8I,16003870
IvMQe3v-HwA,15527318
A4_auMe1HsY,14845529
7y9CLWJvia8,13945025
VjzgbZL12VI,13664723
P6ODTQKhaXk,13235100
UOgvbS4GkF0,12970936
2zE-J1rK1NQ,12963940
QDjci1ODoBs,12654912
HSOuLJtDRFA,12853654
kR3HFEeC3_E,12352232
a3o_ZKWi-OU,12165046
sp7Ofgpfxoc,12468157
DTBu4tigSDo,11989073
ZE3bT2Z-8eE,11947076
wTXRMBoc4Qs,11647891
PUBnqS1qcvk,11485085
atCA7JWOi_0,11591737
dDagv6SA8nw,11490314
CCkPhYiKbJU,11450264
6rjYXEYpuDo,11481305
pMPomCWUraQ,11421391
_8Nb_zgWZZ4,11219619
n3IYmdy6d4Y,57337577
rFxu7NEoKC8,34877214
QMbHLF_zwjs,31147635
TPpoJGYlW54,23103603
kIID5FDi2JQ,20876835
hLrFyjGZ9NU,19468920
iRYZjOuUnlU,16154721
a_wuykzfFzE,15624647
lxMWSmKieuc,17986738
veMFCFyOwFI,14920086
NAN1kt4SG9E,14094470
BShvYeyMm_Y,13904692
MQyxG4vTyZ8,13326005
QWveXdj6oZU,13277231
luTPMHC7zHY,12900773
H2tuKiiznsY,12924592
3R3cvbLsbAk,12428538
9AEMKudv5p0,11536759
4oqfodY2Lz0,11245578
eXTiiz99p9o,11268803
-LKVUarhtvE,10624937
TVe5XPU10Zc,11708183
XwNUmnDu1r8,10492345
t-osG0F2MZM,10568843
J0KHiiTtt4w,10222680
HdsWYOZ8iqM,10252925
KnMKCHqXLow,9899405
UygPcBCFRrA,9614846
s86-Z-CbaHA,38116659
jHbyQ_AQP8c,36639394
VNqNnUJVcVs,32529345
3pAnRKD4raY,31020028
7uiv6tKtoKg,28953082
ixQbCXLUUj8,27250205
GJ4Qp2xeRds,26699851
evQsOFQju08,26166477
IJhgZBn-LHg,26754119
sHCHEykUxP4,26375145
Xc4xYacTu-E,25391753
fCn8zs912OE,23868040
1T4XMNN4bNM,21835841
GDrBIKOR01c,22172722
R3unPcJDbCc,21506265
PEikGKDVsCc,20616954
JTvcpdfGUtQ,20196236
hYf6av21x5c,19564998
SrU9YDoXE88,20281926
K0-GxoJ_Pcg,19558875
4fuHzC9aTik,18948997
Dd7dQh8u4Hc,18746029
rltpH6ck2Kc,18599944
DkzQxw16G9w,18270699
CPBJgpK0Ulc,17853917
L45Q1_psDqk,17917538
iiADhChRriM,1826545
CVClHLwv-4I,1178277
jx5jmI0UlXU,1243925
DHvZLI7Db8E,1096388
g2nMKzhkvxw,1030511
-QgJgZCJvo4,1051640
j59qQ7YWLxw,961700
p3qvj9hO_Bo,879810
1PnVor36_40,880298
R8rmfD9Y5-c,734110
DvlyzDZDEq4,688032
-RCnNyD0L-s,716526
JnFh2NoAM4s,1000333
YeFzkC2awTM,670536
hQAHSlTtcmY,719965
fYq5PXgSsbE,654733
7Q17ubqLfaM,633751
iX_QyjdctsQ,555625
cuEtnrL9-H0,592463
h33Srr5J9nY,546352
fNcJuPIZ2WE,571922
mbsmsi7l3r4,547271
V_Kr9OSfDeU,527261
In0nB0ABaUk,535666
y17RuWkWdn8,561505
O6P86uwfdR0,542696
DUg2SWWK18I,520718
EumXak7TyQ0,818051
